{"namespaces":[{"name":"hippostd","uri":"http://www.onehippo.org/jcr/hippostd/nt/2.0"},{"name":"hippo","uri":"http://www.onehippo.org/jcr/hippo/nt/2.0.4"},{"name":"hippostdpubwf","uri":"http://www.onehippo.org/jcr/hippostdpubwf/nt/1.0"},{"name":"xinmods","uri":"http://www.onehippo.org/xinmods/nt/1.0"},{"name":"hippogallery","uri":"http://www.onehippo.org/jcr/hippogallery/nt/2.0"},{"name":"hippotranslation","uri":"http://www.onehippo.org/jcr/hippotranslation/nt/1.0"}],"entities":[{"name":"xinmods:Content","mixin":false,"abstrakt":false,"orderable":true,"superTypes":["hippo:compound","hippostd:relaxed"],"properties":[],"childNodes":[]},{"name":"xinmods:article","mixin":false,"abstrakt":false,"orderable":true,"superTypes":["hippostd:relaxed","hippotranslation:translated","xinmods:basedocument"],"properties":[],"childNodes":[]},{"name":"xinmods:basedocument","mixin":false,"abstrakt":false,"orderable":true,"superTypes":["hippo:document","hippostd:publishableSummary","hippostdpubwf:document"],"properties":[],"childNodes":[]},{"name":"xinmods:gallery","mixin":false,"abstrakt":false,"orderable":true,"superTypes":["hippo:compound","hippostd:relaxed"],"properties":[],"childNodes":[]},{"name":"xinmods:genericimageset","mixin":false,"abstrakt":false,"orderable":true,"superTypes":["hippogallery:imageset","hippogallery:relaxed"],"properties":[],"childNodes":[]},{"name":"xinmods:image","mixin":false,"abstrakt":false,"orderable":true,"superTypes":["hippo:compound","hippostd:relaxed"],"properties":[],"childNodes":[]},{"name":"xinmods:partial","mixin":false,"abstrakt":false,"orderable":true,"superTypes":["hippo:compound","hippostd:relaxed"],"properties":[],"childNodes":[]},{"name":"xinmods:text","mixin":false,"abstrakt":false,"orderable":true,"superTypes":["hippo:compound","hippostd:relaxed"],"properties":[],"childNodes":[]}]}